route_id,agency_id,route_short_name,route_long_name,route_desc,route_type,route_url,route_color,route_text_color
1,NMBS/SNCB,IC,Gand-Saint-Pierre -- Alost,,103,,,
10,NMBS/SNCB,BUS,Zottegem -- Denderleeuw,,700,,,
100,NMBS/SNCB,BUS,Liège-Guillemins -- Welkenraedt,,700,,,
101,NMBS/SNCB,BUS,Namur -- Charleroi-Central,,700,,,
102,NMBS/SNCB,BUS,Namur -- Jemeppe-sur-Sambre,,700,,,
103,NMBS/SNCB,BUS,Maastricht (NL) -- Visé,,700,,,
104,NMBS/SNCB,BUS,Maastricht (NL) -- Liège-Guillemins,,700,,,
105,NMBS/SNCB,BUS,Liège-Guillemins -- Flémalle-Haute,,700,,,
106,NMBS/SNCB,BUS,Ottignies -- Bruxelles-Midi,,700,,,
107,NMBS/SNCB,BUS,Bruxelles-Luxembourg -- Ottignies,,700,,,
108,NMBS/SNCB,BUS,Liège-Guillemins -- Rivage,,700,,,
109,NMBS/SNCB,BUS,Ottignies -- Louvain-la-Neuve,,700,,,
11,NMBS/SNCB,BUS,Lichtervelde -- La Panne,,700,,,
110,NMBS/SNCB,BUS,Welkenraedt -- Eupen,,700,,,
111,NMBS/SNCB,BUS,Landen -- Liège-Guillemins,,700,,,
112,NMBS/SNCB,BUS,Liège-Guillemins -- Herstal,,700,,,
113,NMBS/SNCB,BUS,Liège-Guillemins -- Liers,,700,,,
114,NMBS/SNCB,BUS,Liège-Guillemins -- Liège-Saint-Lambert,,700,,,
115,NMBS/SNCB,BUS,Verviers-Central -- Spa-Géronstère,,700,,,
116,NMBS/SNCB,BUS,Bertrix -- Athus,,700,,,
117,NMBS/SNCB,BUS,Aachen Hbf (DE) -- Welkenraedt,,700,,,
118,NMBS/SNCB,BUS,Tournai -- Ath,,700,,,
119,NMBS/SNCB,BUS,La Louvière-Sud -- Tournai,,700,,,
12,NMBS/SNCB,BUS,Gand-Saint-Pierre -- Zottegem,,700,,,
120,NMBS/SNCB,BUS,Mons -- Saint-Ghislain,,700,,,
121,NMBS/SNCB,BUS,Jurbise -- Ath,,700,,,
122,NMBS/SNCB,BUS,Mons -- Soignies,,700,,,
123,NMBS/SNCB,BUS,Ath -- Grammont,,700,,,
124,NMBS/SNCB,BUS,Mons -- La Louvière-Sud,,700,,,
125,NMBS/SNCB,BUS,Bruxelles-Midi -- Ath,,700,,,
126,NMBS/SNCB,BUS,Ottignies -- Charleroi-Central,,700,,,
127,NMBS/SNCB,BUS,Jurbise -- Braine-le-Comte,,700,,,
128,NMBS/SNCB,BUS,Saint-Ghislain -- Tournai,,700,,,
129,NMBS/SNCB,BUS,Bruxelles-Midi -- Braine-le-Comte,,700,,,
13,NMBS/SNCB,BUS,Lokeren -- Saint-Nicolas,,700,,,
130,NMBS/SNCB,BUS,Charleroi-Central -- Fleurus,,700,,,
131,NMBS/SNCB,BUS,Hal -- Braine-le-Comte,,700,,,
132,NMBS/SNCB,BUS,Hal -- Tournai,,700,,,
133,NMBS/SNCB,BUS,Mons -- Quévy,,700,,,
134,NMBS/SNCB,BUS,Hal -- Enghien,,700,,,
135,NMBS/SNCB,BUS,Braine-le-Comte -- Saint-Ghislain,,700,,,
136,NMBS/SNCB,BUS,Mons -- Braine-le-Comte,,700,,,
137,NMBS/SNCB,BUS,Hal -- Ath,,700,,,
138,NMBS/SNCB,BUS,Hal -- Saint-Ghislain,,700,,,
139,NMBS/SNCB,BUS,Bruxelles-Midi -- Jurbise,,700,,,
14,NMBS/SNCB,BUS,Audenarde -- Denderleeuw,,700,,,
140,NMBS/SNCB,BUS,La Louvière-Sud -- Braine-le-Comte,,700,,,
141,NMBS/SNCB,BUS,Luttre -- Manage,,700,,,
142,NMBS/SNCB,BUS,Charleroi-Central -- Couvin,,700,,,
143,NMBS/SNCB,BUS,La Louvière-Sud -- Manage,,700,,,
144,NMBS/SNCB,BUS,Charleroi-Central -- Mons,,700,,,
145,NMBS/SNCB,BUS,Maubeuge (FR) -- Charleroi-Central,,700,,,
146,NMBS/SNCB,BUS,Enghien -- Ath,,700,,,
147,NMBS/SNCB,BUS,Mariembourg -- Couvin,,700,,,
148,NMBS/SNCB,BUS,La Louvière-Sud -- Ecaussinnes,,700,,,
149,NMBS/SNCB,BUS,Saint-Ghislain -- Quiévrain,,700,,,
15,NMBS/SNCB,BUS,Zottegem -- Courtrai,,700,,,
150,NMBS/SNCB,BUS,Tournai -- Mouscron,,700,,,
151,NMBS/SNCB,BUS,Piéton -- La Louvière-Centre,,700,,,
152,NMBS/SNCB,BUS,Walcourt -- Couvin,,700,,,
153,NMBS/SNCB,BUS,Lille Flandres (FR) -- Courtrai,,700,,,
154,NMBS/SNCB,BUS,La Louvière-Sud -- Binche,,700,,,
155,NMBS/SNCB,BUS,Ottignies -- Fleurus,,700,,,
156,NMBS/SNCB,BUS,Lille Flandres (FR) -- Mouscron,,700,,,
157,NMBS/SNCB,BUS,Tongres -- Aarschot,,700,,,
158,NMBS/SNCB,BUS,Lierre -- Heist-op-den-Berg,,700,,,
159,NMBS/SNCB,L,Bruxelles-Luxembourg -- Brussels Airport-Zaventem,,100,,,
16,NMBS/SNCB,BUS,Audenarde -- Renaix,,700,,,
160,NMBS/SNCB,L,Bruxelles-Nord -- Bruxelles-Midi,,100,,,
161,NMBS/SNCB,L,Anvers-Central -- Heist-op-den-Berg,,100,,,
162,NMBS/SNCB,IC,Mol -- Hamont,,103,,,
163,NMBS/SNCB,BUS,Luxembourg (LU) -- Arlon,,700,,,
164,NMBS/SNCB,L,Ottignies -- Louvain-la-Neuve,,100,,,
165,NMBS/SNCB,BUS,Ciney -- Sart-Bernard,,700,,,
166,NMBS/SNCB,BUS,Namur -- Ciney,,700,,,
167,NMBS/SNCB,BUS,Namur -- Rochefort-Jemelle,,700,,,
168,NMBS/SNCB,IC,Anvers-Central -- Saint-Nicolas,,103,,,
169,NMBS/SNCB,BUS,Ettelbruck (LU) -- Gouvy,,700,,,
17,NMBS/SNCB,BUS,Grammont -- Denderleeuw,,700,,,
170,NMBS/SNCB,IC,Bruges -- Ostende,,103,,,
171,NMBS/SNCB,L,Gand-Saint-Pierre -- Lokeren,,100,,,
172,NMBS/SNCB,L,Audenarde -- Renaix,,100,,,
173,NMBS/SNCB,L,Grammont -- Denderleeuw,,100,,,
174,NMBS/SNCB,L,Gand-Dampoort -- Eeklo,,100,,,
175,NMBS/SNCB,IC,Termonde -- Lokeren,,103,,,
176,NMBS/SNCB,IC,Ostende -- Courtrai,,103,,,
177,NMBS/SNCB,L,Termonde -- Courtrai,,100,,,
178,NMBS/SNCB,L,Gand-Saint-Pierre -- Courtrai,,100,,,
179,NMBS/SNCB,IC,Zottegem -- Courtrai,,103,,,
18,NMBS/SNCB,BUS,Gand-Saint-Pierre -- Courtrai,,700,,,
180,NMBS/SNCB,IC,Ostende -- Zottegem,,103,,,
181,NMBS/SNCB,IC,Audenarde -- Denderleeuw,,103,,,
182,NMBS/SNCB,IC,Deinze -- La Panne,,103,,,
183,NMBS/SNCB,IC,Bruges -- Knokke,,103,,,
184,NMBS/SNCB,IC,Lokeren -- Poperinge,,103,,,
185,NMBS/SNCB,IC,Lokeren -- Courtrai,,103,,,
186,NMBS/SNCB,IC,Gand-Saint-Pierre -- Lokeren,,103,,,
187,NMBS/SNCB,IC,Deinze -- Poperinge,,103,,,
188,NMBS/SNCB,IC,Deinze -- Courtrai,,103,,,
189,NMBS/SNCB,L,Anvers-Central -- Lierre,,100,,,
19,NMBS/SNCB,BUS,Audenarde -- Zottegem,,700,,,
190,NMBS/SNCB,IC,Anvers-Central -- Herentals,,103,,,
191,NMBS/SNCB,L,Bruxelles-Midi -- Anvers-Central,,100,,,
192,NMBS/SNCB,L,Anvers-Central -- Anvers-Noorderdokken,,100,,,
193,NMBS/SNCB,IC,Liège-Guillemins -- Liers,,103,,,
194,NMBS/SNCB,L,Schaerbeek -- Louvain,,100,,,
195,NMBS/SNCB,L,Hasselt -- Diest,,100,,,
196,NMBS/SNCB,IC,Anvers-Central -- Louvain,,103,,,
197,NMBS/SNCB,IC,Hasselt -- Aarschot,,103,,,
198,NMBS/SNCB,IC,Anvers-Central -- Lierre,,103,,,
199,NMBS/SNCB,L,Anvers-Noorderdokken -- Puurs,,100,,,
2,NMBS/SNCB,IC,La Panne -- Alost,,103,,,
20,NMBS/SNCB,BUS,Gand-Saint-Pierre -- Audenarde,,700,,,
200,NMBS/SNCB,L,Anvers-Central -- Puurs,,100,,,
201,NMBS/SNCB,L,Anvers-Central -- Malines,,100,,,
202,NMBS/SNCB,IC,Gand-Saint-Pierre -- Saint-Nicolas,,103,,,
203,NMBS/SNCB,L,Heist-op-den-Berg -- Louvain,,100,,,
204,NMBS/SNCB,IC,Hasselt -- Landen,,103,,,
205,NMBS/SNCB,L,Essen -- Kapellen,,100,,,
206,NMBS/SNCB,EXTRA,Anvers-Central -- Noorderkempen (Brecht),,103,,,
207,NMBS/SNCB,L,Anvers-Central -- Essen,,100,,,
208,NMBS/SNCB,L,Bruxelles-Nord -- Louvain,,100,,,
209,NMBS/SNCB,IC,Anvers-Central -- Mol,,103,,,
21,NMBS/SNCB,BUS,Jette -- Termonde,,700,,,
210,NMBS/SNCB,IC,Bruxelles-Midi -- Brussels Airport-Zaventem,,103,,,
211,NMBS/SNCB,IC,Mons -- Braine-le-Comte,,103,,,
212,NMBS/SNCB,IC,Hal -- Tournai,,103,,,
213,NMBS/SNCB,L,Opwijk -- Termonde,,100,,,
214,NMBS/SNCB,IC,Braine-le-Comte -- Quiévrain,,103,,,
215,NMBS/SNCB,IC,Braine-le-Comte -- Saint-Ghislain,,103,,,
216,NMBS/SNCB,IC,Hal -- Binche,,103,,,
217,NMBS/SNCB,L,Hal -- Braine-le-Comte,,100,,,
218,NMBS/SNCB,IC,Opwijk -- Lokeren,,103,,,
219,NMBS/SNCB,IC,Opwijk -- Termonde,,103,,,
22,NMBS/SNCB,BUS,Londerzeel -- Termonde,,700,,,
220,NMBS/SNCB,IC,Hal -- La Louvière-Sud,,103,,,
221,NMBS/SNCB,L,Namur -- Yvoir,,100,,,
222,NMBS/SNCB,IC,Liers -- Namur,,103,,,
223,NMBS/SNCB,L,Namur -- Dinant,,100,,,
224,NMBS/SNCB,L,Libramont -- Bertrix,,100,,,
225,NMBS/SNCB,P,Namur -- Ciney,,103,,,
226,NMBS/SNCB,IC,Namur -- Ciney,,103,,,
227,NMBS/SNCB,IC,Bruxelles-Midi -- Ciney,,103,,,
228,NMBS/SNCB,L,Gendron-Celles -- Libramont,,100,,,
229,NMBS/SNCB,L,Gendron-Celles -- Bertrix,,100,,,
23,NMBS/SNCB,BUS,Gand-Saint-Pierre -- Schellebelle,,700,,,
230,NMBS/SNCB,L,Liège-Guillemins -- Liers,,100,,,
231,NMBS/SNCB,IC,Bruxelles-Midi -- Namur,,103,,,
232,NMBS/SNCB,IC,Bruxelles-Luxembourg -- Brussels Airport-Zaventem,,103,,,
233,NMBS/SNCB,IC,Rochefort-Jemelle -- Ciney,,103,,,
234,NMBS/SNCB,L,Jambes -- Charleroi-Central,,100,,,
235,NMBS/SNCB,IC,Welkenraedt -- Eupen,,103,,,
236,NMBS/SNCB,P,Bruxelles-Midi -- Arlon,,103,,,
237,NMBS/SNCB,P,Ottignies -- Arlon,,103,,,
238,NMBS/SNCB,L,Bruxelles-Luxembourg -- Zottegem,,100,,,
239,NMBS/SNCB,IC,Bruxelles-Nord -- Tournai,,103,,,
24,NMBS/SNCB,BUS,Courtrai -- Poperinge,,700,,,
240,NMBS/SNCB,IC,La Louvière-Sud -- Binche,,103,,,
241,NMBS/SNCB,L,Mons -- Quévy,,100,,,
242,NMBS/SNCB,L,Jurbise -- Quévy,,100,,,
243,NMBS/SNCB,IC,Saint-Ghislain -- Tournai,,103,,,
244,NMBS/SNCB,IC,Nivelles -- Charleroi-Central,,103,,,
245,NMBS/SNCB,IC,Ath -- Courtrai,,103,,,
246,NMBS/SNCB,IC,Mons -- Mouscron,,103,,,
247,NMBS/SNCB,IC,Mons -- Jurbise,,103,,,
248,NMBS/SNCB,IC,Jurbise -- Braine-le-Comte,,103,,,
249,NMBS/SNCB,IC,Tournai -- Ath,,103,,,
25,NMBS/SNCB,BUS,Gand-Saint-Pierre -- Renaix,,700,,,
250,NMBS/SNCB,IC,Mons -- Courtrai,,103,,,
251,NMBS/SNCB,IC,Mons -- Tournai,,103,,,
252,NMBS/SNCB,ICT,Charleroi-Central -- La Louvière-Sud,,103,,,
253,NMBS/SNCB,IC,Charleroi-Central -- Fleurus,,103,,,
254,NMBS/SNCB,L,Nivelles -- Charleroi-Central,,100,,,
255,NMBS/SNCB,L,Wavre -- Fleurus,,100,,,
256,NMBS/SNCB,P,Mons -- Quévy,,103,,,
257,NMBS/SNCB,L,Ottignies -- Fleurus,,100,,,
258,NMBS/SNCB,IC,La Louvière-Sud -- Braine-le-Comte,,103,,,
259,NMBS/SNCB,P,Mons -- Tournai,,103,,,
26,NMBS/SNCB,BUS,Gand-Saint-Pierre -- Saint-Nicolas,,700,,,
260,NMBS/SNCB,S34,Anvers-Central -- Saint-Nicolas,,100,,,
261,NMBS/SNCB,S34,Anvers-Berchem -- Saint-Nicolas,,100,,,
262,NMBS/SNCB,IC,Genk -- Bruges,,103,,,
263,NMBS/SNCB,IC,Hasselt -- Bruges,,103,,,
264,NMBS/SNCB,IC,Genk -- Blankenberge,,103,,,
265,NMBS/SNCB,IC,Hasselt -- Blankenberge,,103,,,
266,NMBS/SNCB,IC,Bruges -- Blankenberge,,103,,,
267,NMBS/SNCB,S6,Schaerbeek -- Grammont,,100,,,
268,NMBS/SNCB,S6,Schaerbeek -- Audenarde,,100,,,
269,NMBS/SNCB,S6,Schaerbeek -- Denderleeuw,,100,,,
27,NMBS/SNCB,BUS,Deinze -- Courtrai,,700,,,
270,NMBS/SNCB,S6,Schaerbeek -- Zottegem,,100,,,
271,NMBS/SNCB,S6,Enghien -- Denderleeuw,,100,,,
272,NMBS/SNCB,S6,Enghien -- Zottegem,,100,,,
273,NMBS/SNCB,S6,Hal -- Denderleeuw,,100,,,
274,NMBS/SNCB,S6,Grammont -- Denderleeuw,,100,,,
275,NMBS/SNCB,S6,Enghien -- Grammont,,100,,,
276,NMBS/SNCB,L,Audenarde -- Zottegem,,100,,,
277,NMBS/SNCB,L,Zottegem -- Courtrai,,100,,,
278,NMBS/SNCB,L,Audenarde -- Courtrai,,100,,,
279,NMBS/SNCB,S43,Maastricht (NL) -- Liège-Guillemins,,100,,,
28,NMBS/SNCB,BUS,Enghien -- Grammont,,700,,,
280,NMBS/SNCB,IC,Liège-Guillemins -- Mons,,103,,,
281,NMBS/SNCB,IC,Bruxelles-Midi -- Liège-Guillemins,,103,,,
282,NMBS/SNCB,IC,Liège-Guillemins -- Quiévrain,,103,,,
283,NMBS/SNCB,IC,Landen -- Liège-Guillemins,,103,,,
284,NMBS/SNCB,L,Namur -- Jambes,,100,,,
285,NMBS/SNCB,IC,Bruxelles-Midi -- Charleroi-Central,,103,,,
286,NMBS/SNCB,IC,Liège-Guillemins -- Herstal,,103,,,
287,NMBS/SNCB,L,Enghien -- Denderleeuw,,100,,,
288,NMBS/SNCB,L,Anvers-Central -- Kontich-Lint,,100,,,
289,NMBS/SNCB,L,Gand-Saint-Pierre -- Eeklo,,100,,,
29,NMBS/SNCB,BUS,Courtrai -- Comines,,700,,,
290,NMBS/SNCB,IC,Enghien -- Courtrai,,103,,,
291,NMBS/SNCB,IC,Bruxelles-Midi -- Malines,,103,,,
292,NMBS/SNCB,IC,Anvers-Central -- Courtrai,,103,,,
293,NMBS/SNCB,IC,Hasselt -- Louvain,,103,,,
294,NMBS/SNCB,IC,Anvers-Central -- Essen,,103,,,
295,NMBS/SNCB,L,Bruxelles-Luxembourg -- Bruxelles-Midi,,100,,,
296,NMBS/SNCB,IC,Saint-Ghislain -- Quiévrain,,103,,,
297,NMBS/SNCB,IC,Liège-Guillemins -- Saint-Ghislain,,103,,,
298,NMBS/SNCB,IC,Hal -- Liège-Guillemins,,103,,,
299,NMBS/SNCB,S1,Bruxelles-Midi -- Anvers-Central,,100,,,
3,NMBS/SNCB,P,Gand-Saint-Pierre -- Alost,,103,,,
30,NMBS/SNCB,BUS,Audenarde -- Courtrai,,700,,,
300,NMBS/SNCB,S1,Nivelles -- Anvers-Central,,100,,,
301,NMBS/SNCB,S1,Braine-l'Alleud -- Anvers-Central,,100,,,
302,NMBS/SNCB,S1,Schaerbeek -- Nivelles,,100,,,
303,NMBS/SNCB,S1,Nivelles -- Malines,,100,,,
304,NMBS/SNCB,S1,Bruxelles-Midi -- Anvers-Berchem,,100,,,
305,NMBS/SNCB,T,Ottignies -- Wavre,,103,,,
306,NMBS/SNCB,T,Ottignies -- Bruxelles-Midi,,103,,,
307,NMBS/SNCB,T,Wavre -- Bruxelles-Midi,,103,,,
308,NMBS/SNCB,IC,Anvers-Central -- Gand-Saint-Pierre,,103,,,
309,NMBS/SNCB,T,Schaerbeek -- Cambron-Casteau,,103,,,
31,NMBS/SNCB,BUS,Willebroek -- Saint-Nicolas,,700,,,
310,NMBS/SNCB,T,Hal -- Cambron-Casteau,,103,,,
311,NMBS/SNCB,IC,Anvers-Central -- Ostende,,103,,,
312,NMBS/SNCB,IC,Anvers-Berchem -- Ostende,,103,,,
313,NMBS/SNCB,T,Dinant -- Houyet,,103,,,
314,NMBS/SNCB,T,Liège-Guillemins -- Rochefort-Jemelle,,103,,,
315,NMBS/SNCB,T,Bruges -- Knokke,,103,,,
316,NMBS/SNCB,EXP,Bruges -- Knokke,,103,,,
317,NMBS/SNCB,EXP,Turnhout -- Blankenberge,,103,,,
318,NMBS/SNCB,EXP,Anvers-Central -- Blankenberge,,103,,,
319,NMBS/SNCB,EXP,Charleroi-Central -- Blankenberge,,103,,,
32,NMBS/SNCB,BUS,Gand-Saint-Pierre -- Alost,,700,,,
320,NMBS/SNCB,EXP,Neerpelt -- Blankenberge,,103,,,
321,NMBS/SNCB,EXP,Schaerbeek -- Blankenberge,,103,,,
322,NMBS/SNCB,EXP,Tongres -- Ostende,,103,,,
323,NMBS/SNCB,EXP,Hasselt -- Ostende,,103,,,
324,NMBS/SNCB,EXP,Rochefort-Jemelle -- Ostende,,103,,,
325,NMBS/SNCB,EXP,Arlon -- Ostende,,103,,,
326,NMBS/SNCB,EXP,Bruxelles-Nord -- La Panne,,103,,,
327,NMBS/SNCB,EXP,Liège-Guillemins -- La Panne,,103,,,
328,NMBS/SNCB,EXP,Welkenraedt -- Ostende,,103,,,
329,NMBS/SNCB,EXP,Louvain -- Ostende,,103,,,
33,NMBS/SNCB,BUS,Gand-Saint-Pierre -- Melle,,700,,,
330,NMBS/SNCB,EXP,Mons -- Blankenberge,,103,,,
331,NMBS/SNCB,EXP,Hasselt -- Blankenberge,,103,,,
332,NMBS/SNCB,EXP,Louvain -- Blankenberge,,103,,,
333,NMBS/SNCB,EXTRA,Gand-Saint-Pierre -- Renaix,,103,,,
334,NMBS/SNCB,EXTRA,Mol -- Louvain,,103,,,
335,NMBS/SNCB,EXTRA,Hamont -- Louvain,,103,,,
336,NMBS/SNCB,EXTRA,Mons -- Quévy,,103,,,
337,NMBS/SNCB,EXTRA,Ottignies -- Louvain-la-Neuve,,103,,,
338,NMBS/SNCB,S52,Gand-Saint-Pierre -- Grammont,,100,,,
339,NMBS/SNCB,IC,Luxembourg (LU) -- Arlon,,103,,,
34,NMBS/SNCB,BUS,Louvain -- Liège-Guillemins,,700,,,
340,NMBS/SNCB,P,Schaerbeek -- Mons,,103,,,
341,NMBS/SNCB,L,Maastricht (NL) -- Liège-Guillemins,,100,,,
342,NMBS/SNCB,IC,Brussels Airport-Zaventem -- Tournai,,103,,,
343,NMBS/SNCB,IC,Brussels Airport-Zaventem -- Ath,,103,,,
344,NMBS/SNCB,IC,Bruxelles-Midi -- Tournai,,103,,,
345,NMBS/SNCB,IC,Brussels Airport-Zaventem -- Enghien,,103,,,
346,NMBS/SNCB,S1,Anvers-Central -- Charleroi-Central,,100,,,
347,NMBS/SNCB,S1,Bruxelles-Nord -- Nivelles,,100,,,
348,NMBS/SNCB,IC,Lille Flandres (FR) -- Courtrai,,103,,,
349,NMBS/SNCB,IC,Mouscron -- Courtrai,,103,,,
35,NMBS/SNCB,BUS,Hasselt -- Genk,,700,,,
350,NMBS/SNCB,S63,Maubeuge (FR) -- Charleroi-Central,,100,,,
351,NMBS/SNCB,S63,Erquelinnes -- Charleroi-Central,,100,,,
352,NMBS/SNCB,IC,Lille Flandres (FR) -- Tournai,,103,,,
353,NMBS/SNCB,S1,Bruxelles-Midi -- Malines,,100,,,
354,NMBS/SNCB,IC,Bruxelles-Midi -- Essen,,103,,,
355,NMBS/SNCB,IC,Essen -- Charleroi-Central,,103,,,
356,NMBS/SNCB,IC,Anvers-Central -- Charleroi-Central,,103,,,
357,NMBS/SNCB,IC,Bruxelles-Nord -- Charleroi-Central,,103,,,
358,NMBS/SNCB,S10,Bruxelles-Midi -- Alost,,100,,,
359,NMBS/SNCB,S10,Bruxelles-Midi -- Denderleeuw,,100,,,
36,NMBS/SNCB,BUS,Mol -- Neerpelt,,700,,,
360,NMBS/SNCB,S10,Termonde -- Alost,,100,,,
361,NMBS/SNCB,S10,Ternat -- Alost,,100,,,
362,NMBS/SNCB,S10,Termonde -- Denderleeuw,,100,,,
363,NMBS/SNCB,IC,Luxembourg (LU) -- Namur,,103,,,
364,NMBS/SNCB,IC,Luxembourg (LU) -- Bruxelles-Midi,,103,,,
365,NMBS/SNCB,IC,Bruxelles-Midi -- Arlon,,103,,,
366,NMBS/SNCB,IC,Luxembourg (LU) -- Ciney,,103,,,
367,NMBS/SNCB,IC,Ciney -- Arlon,,103,,,
368,NMBS/SNCB,IC,Marloie -- Arlon,,103,,,
369,NMBS/SNCB,IC,Luxembourg (LU) -- Marloie,,103,,,
37,NMBS/SNCB,BUS,Lierre -- Mol,,700,,,
370,NMBS/SNCB,IC,Bruxelles-Midi -- Rochefort-Jemelle,,103,,,
371,NMBS/SNCB,IC,Rochefort-Jemelle -- Arlon,,103,,,
372,NMBS/SNCB,IC,Namur -- Arlon,,103,,,
373,NMBS/SNCB,S4,Malines -- Alost,,100,,,
374,NMBS/SNCB,S4,Malines -- Denderleeuw,,100,,,
375,NMBS/SNCB,S4,Bruxelles-Midi -- Alost,,100,,,
376,NMBS/SNCB,S4,Bruxelles-Luxembourg -- Malines,,100,,,
377,NMBS/SNCB,IC,Tongres -- Gand-Saint-Pierre,,103,,,
378,NMBS/SNCB,IC,Bruxelles-Midi -- Tongres,,103,,,
379,NMBS/SNCB,IC,Lokeren -- Denderleeuw,,103,,,
38,NMBS/SNCB,BUS,Lierre -- Neerpelt,,700,,,
380,NMBS/SNCB,IC,Termonde -- Denderleeuw,,103,,,
381,NMBS/SNCB,IC,Schellebelle -- Lokeren,,103,,,
382,NMBS/SNCB,IC,Jette -- Gand-Saint-Pierre,,103,,,
383,NMBS/SNCB,IC,Hasselt -- Denderleeuw,,103,,,
384,NMBS/SNCB,IC,Tongres -- Denderleeuw,,103,,,
385,NMBS/SNCB,IC,Hasselt -- Gand-Saint-Pierre,,103,,,
386,NMBS/SNCB,IC,Gand-Saint-Pierre -- Termonde,,103,,,
387,NMBS/SNCB,IC,Termonde -- Schellebelle,,103,,,
388,NMBS/SNCB,S3,Audenarde -- Termonde,,100,,,
389,NMBS/SNCB,S3,Schaerbeek -- Audenarde,,100,,,
39,NMBS/SNCB,BUS,Heist-op-den-Berg -- Aarschot,,700,,,
390,NMBS/SNCB,S3,Termonde -- Zottegem,,100,,,
391,NMBS/SNCB,S3,Schaerbeek -- Zottegem,,100,,,
392,NMBS/SNCB,S3,Bruxelles-Nord -- Audenarde,,100,,,
393,NMBS/SNCB,S3,Bruxelles-Nord -- Denderleeuw,,100,,,
394,NMBS/SNCB,IC,Brussels Airport-Zaventem -- Courtrai,,103,,,
395,NMBS/SNCB,IC,Brussels Airport-Zaventem -- Denderleeuw,,103,,,
396,NMBS/SNCB,IC,Brussels Airport-Zaventem -- Audenarde,,103,,,
397,NMBS/SNCB,IC,Brussels Airport-Zaventem -- Ostende,,103,,,
398,NMBS/SNCB,S32,Anvers-Central -- Essen,,100,,,
399,NMBS/SNCB,S32,Essen -- Puurs,,100,,,
4,NMBS/SNCB,BUS,Bruges -- Ostende,,700,,,
40,NMBS/SNCB,BUS,Anvers-Central -- Aarschot,,700,,,
400,NMBS/SNCB,S32,Anvers-Central -- Puurs,,100,,,
401,NMBS/SNCB,IC,Liège-Saint-Lambert -- Namur,,103,,,
402,NMBS/SNCB,IC,Bruxelles-Midi -- Liège-Saint-Lambert,,103,,,
403,NMBS/SNCB,IC,Liège-Saint-Lambert -- Tournai,,103,,,
404,NMBS/SNCB,EXP,Bruxelles-Midi -- Liège-Saint-Lambert,,103,,,
405,NMBS/SNCB,EXP,Liège-Saint-Lambert -- Ostende,,103,,,
406,NMBS/SNCB,L,Hasselt -- Louvain,,100,,,
407,NMBS/SNCB,L,Begijnendijk -- Hasselt,,100,,,
408,NMBS/SNCB,IC,Namur -- Dinant,,103,,,
409,NMBS/SNCB,IC,Brussels Airport-Zaventem -- Dinant,,103,,,
41,NMBS/SNCB,BUS,Herentals -- Turnhout,,700,,,
410,NMBS/SNCB,IC,Bruxelles-Midi -- Dinant,,103,,,
411,NMBS/SNCB,IC,Ottignies -- Dinant,,103,,,
412,NMBS/SNCB,IC,Bruxelles-Midi -- Yvoir,,103,,,
413,NMBS/SNCB,IC,Ottignies -- Namur,,103,,,
414,NMBS/SNCB,S32,Roosendaal (NL) -- Anvers-Central,,100,,,
415,NMBS/SNCB,S32,Roosendaal (NL) -- Boom,,100,,,
416,NMBS/SNCB,S32,Roosendaal (NL) -- Puurs,,100,,,
417,NMBS/SNCB,S32,Essen -- Kapellen,,100,,,
418,NMBS/SNCB,IC,Anvers-Central -- Hasselt,,103,,,
419,NMBS/SNCB,IC,Anvers-Central -- Tongres,,103,,,
42,NMBS/SNCB,BUS,Breda (NL) -- Noorderkempen (Brecht),,700,,,
420,NMBS/SNCB,IC,Anvers-Central -- Aarschot,,103,,,
421,NMBS/SNCB,IC,Malines -- Louvain,,103,,,
422,NMBS/SNCB,IC,Brussels Airport-Zaventem -- Hasselt,,103,,,
423,NMBS/SNCB,S34,Anvers-Central -- Termonde,,100,,,
424,NMBS/SNCB,S34,Anvers-Central -- Lokeren,,100,,,
425,NMBS/SNCB,S34,Anvers-Berchem -- Lokeren,,100,,,
426,NMBS/SNCB,S34,Anvers-Berchem -- Termonde,,100,,,
427,NMBS/SNCB,L,Louvain -- Saint-Nicolas,,100,,,
428,NMBS/SNCB,L,Malines -- Louvain,,100,,,
429,NMBS/SNCB,L,Malines -- Saint-Nicolas,,100,,,
43,NMBS/SNCB,BUS,Lierre -- Louvain,,700,,,
430,NMBS/SNCB,IC,Brussels Airport-Zaventem -- Bruges,,103,,,
431,NMBS/SNCB,IC,Brussels Airport-Zaventem -- Knokke,,103,,,
432,NMBS/SNCB,IC,Brussels Airport-Zaventem -- Gand-Saint-Pierre,,103,,,
433,NMBS/SNCB,L,Anvers-Central -- Louvain,,100,,,
434,NMBS/SNCB,L,Anvers-Central -- Hasselt,,100,,,
435,NMBS/SNCB,IC,Hasselt -- Liège-Guillemins,,103,,,
436,NMBS/SNCB,IC,Anvers-Central -- Liège-Guillemins,,103,,,
437,NMBS/SNCB,IC,Anvers-Central -- Liers,,103,,,
438,NMBS/SNCB,S33,Anvers-Central -- Mol,,100,,,
439,NMBS/SNCB,IC,Gand-Saint-Pierre -- La Panne,,103,,,
44,NMBS/SNCB,BUS,Anvers-Central -- Saint-Nicolas,,700,,,
440,NMBS/SNCB,IC,Anvers-Central -- La Panne,,103,,,
441,NMBS/SNCB,S20,Ottignies -- Louvain,,100,,,
442,NMBS/SNCB,IC,Bruxelles-Midi -- Anvers-Central,,103,,,
443,NMBS/SNCB,IC,Anvers-Berchem -- Charleroi-Central,,103,,,
444,NMBS/SNCB,IC,Bruxelles-Midi -- Anvers-Berchem,,103,,,
445,NMBS/SNCB,IC,Anvers-Central -- Binche,,103,,,
446,NMBS/SNCB,IC,Tournai -- Saint-Nicolas,,103,,,
447,NMBS/SNCB,IC,Mouscron -- Saint-Nicolas,,103,,,
448,NMBS/SNCB,IC,Tournai -- Termonde,,103,,,
449,NMBS/SNCB,IC,Mouscron -- Termonde,,103,,,
45,NMBS/SNCB,BUS,Lierre -- Aarschot,,700,,,
450,NMBS/SNCB,IC,Saint-Nicolas -- Courtrai,,103,,,
451,NMBS/SNCB,IC,Termonde -- Courtrai,,103,,,
452,NMBS/SNCB,IC,Malines -- Courtrai,,103,,,
453,NMBS/SNCB,IC,Tournai -- Courtrai,,103,,,
454,NMBS/SNCB,IC,Ath -- Saint-Nicolas,,103,,,
455,NMBS/SNCB,IC,Ath -- Termonde,,103,,,
456,NMBS/SNCB,IC,Braine-le-Comte -- Saint-Nicolas,,103,,,
457,NMBS/SNCB,S9,Nivelles -- Landen,,100,,,
458,NMBS/SNCB,S9,Bruxelles-Luxembourg -- Landen,,100,,,
459,NMBS/SNCB,S9,Nivelles -- Louvain,,100,,,
46,NMBS/SNCB,BUS,Louvain -- Waremme,,700,,,
460,NMBS/SNCB,S9,Bruxelles-Luxembourg -- Louvain,,100,,,
461,NMBS/SNCB,IC,Bruxelles-Nord -- Anvers-Central,,103,,,
462,NMBS/SNCB,S5,Malines -- Enghien,,100,,,
463,NMBS/SNCB,S5,Malines -- Grammont,,100,,,
464,NMBS/SNCB,S5,Hal -- Malines,,100,,,
465,NMBS/SNCB,S5,Vilvorde -- Enghien,,100,,,
466,NMBS/SNCB,S5,Schaerbeek -- Hal,,100,,,
467,NMBS/SNCB,IC,Turnhout -- Binche,,103,,,
468,NMBS/SNCB,IC,Schaerbeek -- Binche,,103,,,
469,NMBS/SNCB,IC,Bruxelles-Midi -- Turnhout,,103,,,
47,NMBS/SNCB,BUS,Lierre -- Turnhout,,700,,,
470,NMBS/SNCB,IC,Hal -- Manage,,103,,,
471,NMBS/SNCB,IC,Binche -- Braine-le-Comte,,103,,,
472,NMBS/SNCB,IC,Turnhout -- La Louvière-Sud,,103,,,
473,NMBS/SNCB,IC,Schaerbeek -- La Louvière-Sud,,103,,,
474,NMBS/SNCB,S7,Bruxelles-Luxembourg -- Malines,,100,,,
475,NMBS/SNCB,S7,Vilvorde -- Hal,,100,,,
476,NMBS/SNCB,S7,Vilvorde -- Enghien,,100,,,
477,NMBS/SNCB,S5,Bruxelles-Luxembourg -- Enghien,,100,,,
478,NMBS/SNCB,IC,Bruxelles-Midi -- Landen,,103,,,
479,NMBS/SNCB,IC,Landen -- Gand-Saint-Pierre,,103,,,
48,NMBS/SNCB,BUS,Anvers-Central -- Mol,,700,,,
480,NMBS/SNCB,IC,Landen -- Denderleeuw,,103,,,
481,NMBS/SNCB,IC,Landen -- La Panne,,103,,,
482,NMBS/SNCB,IC,Landen -- Lichtervelde,,103,,,
483,NMBS/SNCB,IC,Louvain -- Denderleeuw,,103,,,
484,NMBS/SNCB,IC,Louvain -- La Panne,,103,,,
485,NMBS/SNCB,IC,Louvain -- Gand-Saint-Pierre,,103,,,
486,NMBS/SNCB,IC,Louvain -- Lichtervelde,,103,,,
487,NMBS/SNCB,S2,Louvain -- Braine-le-Comte,,100,,,
488,NMBS/SNCB,IC,Brussels Airport-Zaventem -- Mons,,103,,,
489,NMBS/SNCB,IC,Brussels Airport-Zaventem -- Quévy,,103,,,
49,NMBS/SNCB,BUS,Louvain -- Ans,,700,,,
490,NMBS/SNCB,IC,Brussels Airport-Zaventem -- Soignies,,103,,,
491,NMBS/SNCB,IC,Bruxelles-Midi -- Mons,,103,,,
492,NMBS/SNCB,IC,Brussels Airport-Zaventem -- Braine-le-Comte,,103,,,
493,NMBS/SNCB,IC,Brussels Airport-Zaventem -- Jurbise,,103,,,
494,NMBS/SNCB,IC,Hal -- Brussels Airport-Zaventem,,103,,,
495,NMBS/SNCB,IC,Schaerbeek -- Brussels Airport-Zaventem,,103,,,
496,NMBS/SNCB,S2,Bruxelles-Midi -- Louvain,,100,,,
497,NMBS/SNCB,S2,Schaerbeek -- Braine-le-Comte,,100,,,
498,NMBS/SNCB,IC,Herstal -- Mons,,103,,,
499,NMBS/SNCB,IC,Tamines -- Mons,,103,,,
5,NMBS/SNCB,BUS,Bruges -- Gand-Saint-Pierre,,700,,,
50,NMBS/SNCB,BUS,Louvain -- Landen,,700,,,
500,NMBS/SNCB,IC,Liers -- Mons,,103,,,
501,NMBS/SNCB,IC,Liers -- La Louvière-Sud,,103,,,
502,NMBS/SNCB,IC,Herstal -- La Louvière-Sud,,103,,,
503,NMBS/SNCB,IC,Tamines -- Mouscron,,103,,,
504,NMBS/SNCB,IC,Tamines -- Tournai,,103,,,
505,NMBS/SNCB,IC,Liège-Guillemins -- Mouscron,,103,,,
506,NMBS/SNCB,IC,Liers -- Mouscron,,103,,,
507,NMBS/SNCB,IC,Namur -- Mouscron,,103,,,
508,NMBS/SNCB,IC,Namur -- Mons,,103,,,
509,NMBS/SNCB,IC,Namur -- La Louvière-Sud,,103,,,
51,NMBS/SNCB,BUS,Hasselt -- Liers,,700,,,
510,NMBS/SNCB,IC,Charleroi-Central -- La Louvière-Sud,,103,,,
511,NMBS/SNCB,IC,Charleroi-Central -- Mons,,103,,,
512,NMBS/SNCB,IC,Charleroi-Central -- Mouscron,,103,,,
513,NMBS/SNCB,IC,Charleroi-Central -- Tournai,,103,,,
514,NMBS/SNCB,IC,Herstal -- Charleroi-Central,,103,,,
515,NMBS/SNCB,IC,Liers -- Charleroi-Central,,103,,,
516,NMBS/SNCB,IC,Charleroi-Central -- Tamines,,103,,,
517,NMBS/SNCB,S10,Bruxelles-Midi -- Termonde,,100,,,
518,NMBS/SNCB,S10,Jette -- Bruxelles-Midi,,100,,,
519,NMBS/SNCB,S64,Charleroi-Central -- Walcourt,,100,,,
52,NMBS/SNCB,BUS,Lierre -- Hamont,,700,,,
520,NMBS/SNCB,S64,Charleroi-Central -- Couvin,,100,,,
521,NMBS/SNCB,S64,Charleroi-Central -- Mariembourg,,100,,,
522,NMBS/SNCB,S8,Louvain-la-Neuve -- Audenarde,,100,,,
523,NMBS/SNCB,S8,Louvain-la-Neuve -- Bruxelles-Midi,,100,,,
524,NMBS/SNCB,S8,Bruxelles-Luxembourg -- Bruxelles-Midi,,100,,,
525,NMBS/SNCB,S8,Louvain-la-Neuve -- Zottegem,,100,,,
526,NMBS/SNCB,S8,Namur -- Zottegem,,100,,,
527,NMBS/SNCB,S8,Bruxelles-Midi -- Namur,,100,,,
528,NMBS/SNCB,S8,Ottignies -- Louvain-la-Neuve,,100,,,
529,NMBS/SNCB,S19,Bruxelles-Luxembourg -- Louvain,,100,,,
53,NMBS/SNCB,BUS,Anvers-Central -- Kapellen,,700,,,
530,NMBS/SNCB,S19,Nivelles -- Louvain,,100,,,
531,NMBS/SNCB,S19,Nivelles -- Brussels Airport-Zaventem,,100,,,
532,NMBS/SNCB,S19,Brussels Airport-Zaventem -- Charleroi-Central,,100,,,
533,NMBS/SNCB,S19,Brussels Airport-Zaventem -- Louvain,,100,,,
534,NMBS/SNCB,IC,Louvain -- Courtrai,,103,,,
535,NMBS/SNCB,IC,Welkenraedt -- Courtrai,,103,,,
536,NMBS/SNCB,IC,Welkenraedt -- Gand-Saint-Pierre,,103,,,
537,NMBS/SNCB,L,Jurbise -- Braine-le-Comte,,100,,,
538,NMBS/SNCB,L,Mons -- Braine-le-Comte,,100,,,
539,NMBS/SNCB,IC,Louvain -- Ostende,,103,,,
54,NMBS/SNCB,BUS,Anvers-Noorderdokken -- Kapellen,,700,,,
540,NMBS/SNCB,IC,Louvain -- Termonde,,103,,,
541,NMBS/SNCB,S61,Jambes -- Charleroi-Central,,100,,,
542,NMBS/SNCB,S61,Charleroi-Central -- Tamines,,100,,,
543,NMBS/SNCB,S61,Ottignies -- Tamines,,100,,,
544,NMBS/SNCB,IC,Anvers-Central -- Turnhout,,103,,,
545,NMBS/SNCB,IC,Schaerbeek -- Courtrai,,103,,,
546,NMBS/SNCB,IC,Schaerbeek -- Gand-Saint-Pierre,,103,,,
547,NMBS/SNCB,NJ,BERLIN HBF (D) -- Bruxelles-Midi,,101,,,
548,NMBS/SNCB,S62,Luttre -- La Louvière-Sud,,100,,,
549,NMBS/SNCB,S62,Luttre -- Charleroi-Central,,100,,,
55,NMBS/SNCB,BUS,Heist-op-den-Berg -- Louvain,,700,,,
550,NMBS/SNCB,S62,Charleroi-Central -- La Louvière-Centre,,100,,,
551,NMBS/SNCB,S62,Charleroi-Central -- La Louvière-Sud,,100,,,
552,NMBS/SNCB,L,Charleroi-Central -- La Louvière-Centre,,100,,,
553,NMBS/SNCB,S62,Piéton -- Charleroi-Central,,100,,,
554,NMBS/SNCB,IC,Anvers-Central -- Hamont,,103,,,
555,NMBS/SNCB,IC,Anvers-Central -- Neerpelt,,103,,,
556,NMBS/SNCB,IC,Mol -- Neerpelt,,103,,,
557,NMBS/SNCB,L,Binche -- Braine-le-Comte,,100,,,
558,NMBS/SNCB,L,La Louvière-Sud -- Braine-le-Comte,,100,,,
559,NMBS/SNCB,L,Charleroi-Central -- Manage,,100,,,
56,NMBS/SNCB,BUS,Hasselt -- Tongres,,700,,,
560,NMBS/SNCB,L,Charleroi-Central -- La Louvière-Sud,,100,,,
561,NMBS/SNCB,L,Luttre -- Charleroi-Central,,100,,,
562,NMBS/SNCB,IC,Welkenraedt -- Ostende,,103,,,
563,NMBS/SNCB,L,Hasselt -- Mol,,100,,,
564,NMBS/SNCB,L,Mons -- La Louvière-Sud,,100,,,
565,NMBS/SNCB,L,Charleroi-Central -- Mons,,100,,,
566,NMBS/SNCB,S61,Ottignies -- Jambes,,100,,,
567,NMBS/SNCB,S61,Charleroi-Central -- Jemeppe-sur-Sambre,,100,,,
568,NMBS/SNCB,S61,Wavre -- Jambes,,100,,,
569,NMBS/SNCB,S61,Wavre -- Jemeppe-sur-Sambre,,100,,,
57,NMBS/SNCB,BUS,Anvers-Central -- Noorderkempen (Brecht),,700,,,
570,NMBS/SNCB,S61,Jambes -- Fleurus,,100,,,
571,NMBS/SNCB,S61,Wavre -- Namur,,100,,,
572,NMBS/SNCB,S61,Namur -- Fleurus,,100,,,
573,NMBS/SNCB,S61,Ottignies -- Namur,,100,,,
574,NMBS/SNCB,S61,Charleroi-Central -- Fleurus,,100,,,
575,NMBS/SNCB,S61,Ottignies -- Charleroi-Central,,100,,,
576,NMBS/SNCB,S61,Wavre -- Charleroi-Central,,100,,,
577,NMBS/SNCB,S61,Ottignies -- Wavre,,100,,,
578,NMBS/SNCB,S61,Namur -- Charleroi-Central,,100,,,
579,NMBS/SNCB,L,Mons -- Tournai,,100,,,
58,NMBS/SNCB,BUS,Malines -- Willebroek,,700,,,
580,NMBS/SNCB,L,Quévy -- Tournai,,100,,,
581,NMBS/SNCB,L,Quévy -- Mouscron,,100,,,
582,NMBS/SNCB,L,Mons -- Quiévrain,,100,,,
583,NMBS/SNCB,L,Mons -- Mouscron,,100,,,
584,NMBS/SNCB,L,Saint-Ghislain -- Quiévrain,,100,,,
585,NMBS/SNCB,L,Mons -- Saint-Ghislain,,100,,,
586,NMBS/SNCB,L,Luxembourg (LU) -- Athus,,100,,,
587,NMBS/SNCB,L,Jurbise -- Grammont,,100,,,
588,NMBS/SNCB,L,Mons -- Grammont,,100,,,
589,NMBS/SNCB,L,Ath -- Grammont,,100,,,
59,NMBS/SNCB,BUS,Hasselt -- Louvain,,700,,,
590,NMBS/SNCB,L,Quévy -- Grammont,,100,,,
591,NMBS/SNCB,IC,Anvers-Central -- Heist-op-den-Berg,,103,,,
592,NMBS/SNCB,L,Liège-Guillemins -- Huy,,100,,,
593,NMBS/SNCB,L,Liège-Guillemins -- Namur,,100,,,
594,NMBS/SNCB,EC,Paris Nord (FR) -- Bruxelles-Midi,,103,,,
595,NMBS/SNCB,S41,Aachen Hbf (DE) -- Liège-Guillemins,,100,,,
596,NMBS/SNCB,S41,Liège-Guillemins -- Welkenraedt,,100,,,
597,NMBS/SNCB,S41,Aachen Hbf (DE) -- Liège-Saint-Lambert,,100,,,
598,NMBS/SNCB,S41,Liège-Saint-Lambert -- Welkenraedt,,100,,,
599,NMBS/SNCB,IC,Eupen -- Ostende,,103,,,
6,NMBS/SNCB,BUS,Malines -- Termonde,,700,,,
60,NMBS/SNCB,BUS,Anvers-Central -- Turnhout,,700,,,
600,NMBS/SNCB,IC,Bruxelles-Midi -- Courtrai,,103,,,
601,NMBS/SNCB,S44,Landen -- Visé,,100,,,
602,NMBS/SNCB,S44,Waremme -- Visé,,100,,,
603,NMBS/SNCB,S44,Liège-Guillemins -- Waremme,,100,,,
604,NMBS/SNCB,S44,Landen -- Liège-Guillemins,,100,,,
605,NMBS/SNCB,IC,Liège-Guillemins -- Ostende,,103,,,
606,NMBS/SNCB,S42,Liège-Guillemins -- Flémalle-Haute,,100,,,
607,NMBS/SNCB,S42,Liers -- Flémalle-Haute,,100,,,
608,NMBS/SNCB,IC,Luxembourg (LU) -- Gouvy,,103,,,
609,NMBS/SNCB,IC,Luxembourg (LU) -- Liège-Guillemins,,103,,,
61,NMBS/SNCB,BUS,Herentals -- Mol,,700,,,
610,NMBS/SNCB,IC,Liège-Guillemins -- Gouvy,,103,,,
611,NMBS/SNCB,IC,Luxembourg (LU) -- Liers,,103,,,
612,NMBS/SNCB,IC,Liers -- Gouvy,,103,,,
613,NMBS/SNCB,S41,Liège-Guillemins -- Verviers-Central,,100,,,
614,NMBS/SNCB,S41,Hasselt -- Verviers-Central,,100,,,
615,NMBS/SNCB,S41,Hasselt -- Liège-Guillemins,,100,,,
616,NMBS/SNCB,S41,Hasselt -- Tongres,,100,,,
617,NMBS/SNCB,IC,Eupen -- Bruges,,103,,,
618,NMBS/SNCB,IC,Eupen -- Gand-Saint-Pierre,,103,,,
619,NMBS/SNCB,S42,Liège-Guillemins -- Liers,,100,,,
62,NMBS/SNCB,BUS,Hasselt -- Diest,,700,,,
620,NMBS/SNCB,L,Malines -- Gand-Saint-Pierre,,100,,,
621,NMBS/SNCB,L,Malines -- Bruges,,100,,,
622,NMBS/SNCB,L,Liers -- Marloie,,100,,,
623,NMBS/SNCB,L,Bruges -- Gand-Saint-Pierre,,100,,,
624,NMBS/SNCB,L,Liers -- Rochefort-Jemelle,,100,,,
625,NMBS/SNCB,L,Malines -- Zeebrugge-Dorp,,100,,,
626,NMBS/SNCB,L,Malines -- Zeebrugge-Strand,,100,,,
627,NMBS/SNCB,L,Zeebrugge-Strand -- Gand-Saint-Pierre,,100,,,
628,NMBS/SNCB,IC,Louvain -- Charleroi-Central,,103,,,
629,NMBS/SNCB,IC,Wavre -- Charleroi-Central,,103,,,
63,NMBS/SNCB,BUS,Malines -- Londerzeel,,700,,,
630,NMBS/SNCB,IC,Ottignies -- Wavre,,103,,,
631,NMBS/SNCB,IC,Louvain -- Fleurus,,103,,,
632,NMBS/SNCB,IC,Wavre -- Fleurus,,103,,,
633,NMBS/SNCB,IC,Ottignies -- Charleroi-Central,,103,,,
634,NMBS/SNCB,IC,Ottignies -- Fleurus,,103,,,
635,NMBS/SNCB,IC,Ottignies -- Louvain,,103,,,
636,NMBS/SNCB,L,Namur -- Ciney,,100,,,
637,NMBS/SNCB,L,Zeebrugge-Dorp -- Termonde,,100,,,
638,NMBS/SNCB,L,Zeebrugge-Strand -- Termonde,,100,,,
639,NMBS/SNCB,L,Bruges -- Zeebrugge-Strand,,100,,,
64,NMBS/SNCB,BUS,Herentals -- Hamont,,700,,,
640,NMBS/SNCB,L,Luxembourg (LU) -- Arlon,,100,,,
641,NMBS/SNCB,L,Libramont -- Arlon,,100,,,
642,NMBS/SNCB,L,Malines -- Termonde,,100,,,
643,NMBS/SNCB,L,Namur -- Libramont,,100,,,
644,NMBS/SNCB,L,Houyet -- Libramont,,100,,,
645,NMBS/SNCB,L,Namur -- Bertrix,,100,,,
646,NMBS/SNCB,L,Rochefort-Jemelle -- Ciney,,100,,,
647,NMBS/SNCB,L,Ottignies -- Namur,,100,,,
648,NMBS/SNCB,S20,Ottignies -- Wavre,,100,,,
649,NMBS/SNCB,S53,Gand-Saint-Pierre -- Lokeren,,100,,,
65,NMBS/SNCB,BUS,Malines -- Louvain,,700,,,
650,NMBS/SNCB,S8,Ottignies -- Bruxelles-Midi,,100,,,
651,NMBS/SNCB,S8,Ottignies -- Zottegem,,100,,,
652,NMBS/SNCB,S53,Renaix -- Lokeren,,100,,,
653,NMBS/SNCB,S53,Anvers-Central -- Lokeren,,100,,,
654,NMBS/SNCB,S53,Anvers-Central -- Gand-Saint-Pierre,,100,,,
655,NMBS/SNCB,S53,Gand-Saint-Pierre -- Saint-Nicolas,,100,,,
656,NMBS/SNCB,S8,Bruxelles-Nord -- Zottegem,,100,,,
657,NMBS/SNCB,S8,Bruxelles-Luxembourg -- Zottegem,,100,,,
658,NMBS/SNCB,S6,Bruxelles-Midi -- Grammont,,100,,,
659,NMBS/SNCB,S53,Audenarde -- Lokeren,,100,,,
66,NMBS/SNCB,BUS,Anvers-Central -- Gand-Saint-Pierre,,700,,,
660,NMBS/SNCB,S53,Gand-Saint-Pierre -- Melsele,,100,,,
661,NMBS/SNCB,S53,Anvers-Central -- Saint-Nicolas,,100,,,
662,NMBS/SNCB,S35,Anvers-Central -- Noorderkempen (Brecht),,100,,,
663,NMBS/SNCB,L,Spa-Géronstère -- Welkenraedt,,100,,,
664,NMBS/SNCB,L,Verviers-Central -- Spa-Géronstère,,100,,,
665,NMBS/SNCB,P,Schaerbeek -- Ostende,,103,,,
666,NMBS/SNCB,P,Schaerbeek -- La Panne,,103,,,
667,NMBS/SNCB,P,Schaerbeek -- Poperinge,,103,,,
668,NMBS/SNCB,P,Schaerbeek -- Gand-Saint-Pierre,,103,,,
669,NMBS/SNCB,P,Schaerbeek -- Saint-Nicolas,,103,,,
67,NMBS/SNCB,BUS,Wavre -- Louvain,,700,,,
670,NMBS/SNCB,IC,Anvers-Central -- Poperinge,,103,,,
671,NMBS/SNCB,P,Bruges -- Gand-Saint-Pierre,,103,,,
672,NMBS/SNCB,P,Bruges -- Zeebrugge-Dorp,,103,,,
673,NMBS/SNCB,P,Bruges -- Knokke,,103,,,
674,NMBS/SNCB,BUS,Saint-Nicolas -- Zwijndrecht,,700,,,
675,NMBS/SNCB,BUS,Melsele -- Zwijndrecht,,700,,,
676,NMBS/SNCB,S4,Bruxelles-Luxembourg -- Alost,,100,,,
677,NMBS/SNCB,P,Courtrai -- Poperinge,,103,,,
678,NMBS/SNCB,S51,Gand-Saint-Pierre -- Eeklo,,100,,,
679,NMBS/SNCB,P,Louvain -- Saint-Nicolas,,103,,,
68,NMBS/SNCB,BUS,Herentals -- Neerpelt,,700,,,
680,NMBS/SNCB,P,Malines -- Saint-Nicolas,,103,,,
681,NMBS/SNCB,P,Gand-Saint-Pierre -- Termonde,,103,,,
682,NMBS/SNCB,P,Malines -- Termonde,,103,,,
683,NMBS/SNCB,P,Louvain -- Termonde,,103,,,
684,NMBS/SNCB,P,Bruxelles-Midi -- Mol,,103,,,
685,NMBS/SNCB,P,Bruxelles-Midi -- Neerpelt,,103,,,
686,NMBS/SNCB,P,Anvers-Central -- Noorderkempen (Brecht),,103,,,
687,NMBS/SNCB,P,Noorderkempen (Brecht) -- Anvers-Berchem,,103,,,
688,NMBS/SNCB,P,Brussels Airport-Zaventem -- Noorderkempen (Brecht),,103,,,
689,NMBS/SNCB,P,Anvers-Central -- Essen,,103,,,
69,NMBS/SNCB,BUS,Ekeren -- Anvers-Noorderdokken,,700,,,
690,NMBS/SNCB,S33,Anvers-Berchem -- Herentals,,100,,,
691,NMBS/SNCB,P,Lierre -- Herentals,,103,,,
692,NMBS/SNCB,P,Anvers-Central -- Aarschot,,103,,,
693,NMBS/SNCB,P,Anvers-Central -- Louvain,,103,,,
694,NMBS/SNCB,P,Bruxelles-Midi -- Landen,,103,,,
695,NMBS/SNCB,P,Bruxelles-Midi -- Genk,,103,,,
696,NMBS/SNCB,P,Bruxelles-Midi -- Tongres,,103,,,
697,NMBS/SNCB,P,Genk -- Louvain,,103,,,
698,NMBS/SNCB,P,Bruxelles-Midi -- Brussels Airport-Zaventem,,103,,,
699,NMBS/SNCB,P,Hasselt -- Genk,,103,,,
7,NMBS/SNCB,BUS,Alost -- Denderleeuw,,700,,,
70,NMBS/SNCB,BUS,Anvers-Central -- Puurs,,700,,,
700,NMBS/SNCB,P,Hasselt -- Louvain,,103,,,
701,NMBS/SNCB,P,Malines -- Hasselt,,103,,,
702,NMBS/SNCB,P,Malines -- Louvain,,103,,,
703,NMBS/SNCB,P,Bruxelles-Midi -- Liège-Guillemins,,103,,,
704,NMBS/SNCB,P,Liège-Guillemins -- Statte,,103,,,
705,NMBS/SNCB,P,Liège-Guillemins -- Gouvy,,103,,,
706,NMBS/SNCB,P,Huy -- Namur,,103,,,
707,NMBS/SNCB,P,Liège-Guillemins -- Bomal,,103,,,
708,NMBS/SNCB,P,Verviers-Central -- Spa-Géronstère,,103,,,
709,NMBS/SNCB,P,Tournai -- Mouscron,,103,,,
71,NMBS/SNCB,BUS,Anvers-Berchem -- Puurs,,700,,,
710,NMBS/SNCB,P,Schaerbeek -- Mouscron,,103,,,
711,NMBS/SNCB,S51,Renaix -- Eeklo,,100,,,
712,NMBS/SNCB,P,Mons -- Ath,,103,,,
713,NMBS/SNCB,P,Jurbise -- Ath,,103,,,
714,NMBS/SNCB,P,Ath -- Grammont,,103,,,
715,NMBS/SNCB,P,Mons -- Grammont,,103,,,
716,NMBS/SNCB,P,Bruxelles-Midi -- Rochefort-Jemelle,,103,,,
717,NMBS/SNCB,P,Namur -- Rochefort-Jemelle,,103,,,
718,NMBS/SNCB,P,Bruxelles-Midi -- Ciney,,103,,,
719,NMBS/SNCB,P,Luxembourg (LU) -- Namur,,103,,,
72,NMBS/SNCB,BUS,Landen -- Ans,,700,,,
720,NMBS/SNCB,P,Namur -- Arlon,,103,,,
721,NMBS/SNCB,P,Luxembourg (LU) -- Bruxelles-Midi,,103,,,
722,NMBS/SNCB,P,Ottignies -- Gembloux,,103,,,
723,NMBS/SNCB,P,Gembloux -- Namur,,103,,,
724,NMBS/SNCB,P,Ottignies -- Namur,,103,,,
725,NMBS/SNCB,P,Luxembourg (LU) -- Arlon,,103,,,
726,NMBS/SNCB,S81,Schaerbeek -- Louvain-la-Neuve,,100,,,
727,NMBS/SNCB,S81,Schaerbeek -- Ottignies,,100,,,
728,NMBS/SNCB,P,Arlon -- Virton,,103,,,
729,NMBS/SNCB,P,Bertrix -- Arlon,,103,,,
73,NMBS/SNCB,BUS,Hasselt -- Aarschot,,700,,,
730,NMBS/SNCB,P,Rochefort-Jemelle -- Libramont,,103,,,
731,NMBS/SNCB,P,Liège-Saint-Lambert -- Rochefort-Jemelle,,103,,,
732,NMBS/SNCB,P,Liège-Guillemins -- Marloie,,103,,,
733,NMBS/SNCB,P,Ciney -- Libramont,,103,,,
734,NMBS/SNCB,P,Dinant -- Bertrix,,103,,,
735,NMBS/SNCB,P,Houyet -- Bertrix,,103,,,
736,NMBS/SNCB,P,Namur -- Bertrix,,103,,,
737,NMBS/SNCB,P,Libramont -- Arlon,,103,,,
738,NMBS/SNCB,P,Libramont -- Gedinne,,103,,,
739,NMBS/SNCB,P,Libramont -- Virton,,103,,,
74,NMBS/SNCB,BUS,Hasselt -- Testelt,,700,,,
740,NMBS/SNCB,P,Gembloux -- Tamines,,103,,,
741,NMBS/SNCB,P,Gembloux -- Jemeppe-sur-Sambre,,103,,,
742,NMBS/SNCB,S51,Gand-Saint-Pierre -- Renaix,,100,,,
743,NMBS/SNCB,P,Schaerbeek -- Jemeppe-sur-Sambre,,103,,,
744,NMBS/SNCB,P,Charleroi-Central -- Couvin,,103,,,
745,NMBS/SNCB,P,Charleroi-Central -- Walcourt,,103,,,
746,NMBS/SNCB,P,Mons -- La Louvière-Sud,,103,,,
747,NMBS/SNCB,S51,Audenarde -- Eeklo,,100,,,
748,NMBS/SNCB,P,Manage -- Braine-le-Comte,,103,,,
749,NMBS/SNCB,P,Luttre -- Charleroi-Central,,103,,,
75,NMBS/SNCB,BUS,Hal -- Mons,,700,,,
750,NMBS/SNCB,P,Schaerbeek -- Quiévrain,,103,,,
751,NMBS/SNCB,P,Schaerbeek -- Soignies,,103,,,
752,NMBS/SNCB,P,Schaerbeek -- Quévy,,103,,,
753,NMBS/SNCB,P,Mons -- Mouscron,,103,,,
754,NMBS/SNCB,P,Saint-Ghislain -- Quiévrain,,103,,,
755,NMBS/SNCB,P,Mons -- Saint-Ghislain,,103,,,
756,NMBS/SNCB,P,Ostende -- Courtrai,,103,,,
757,NMBS/SNCB,P,Blankenberge -- Courtrai,,103,,,
758,NMBS/SNCB,P,Bruges -- Courtrai,,103,,,
759,NMBS/SNCB,S51,Gand-Saint-Pierre -- Audenarde,,100,,,
76,NMBS/SNCB,BUS,Bruxelles-Midi -- Hal,,700,,,
760,NMBS/SNCB,P,Grammont -- Denderleeuw,,103,,,
761,NMBS/SNCB,P,Zottegem -- Courtrai,,103,,,
762,NMBS/SNCB,P,Gand-Saint-Pierre -- Grammont,,103,,,
763,NMBS/SNCB,S52,Zottegem -- Grammont,,100,,,
764,NMBS/SNCB,P,Alost -- Burst,,103,,,
765,NMBS/SNCB,P,Courtrai -- Roulers,,103,,,
766,NMBS/SNCB,P,Gand-Saint-Pierre -- Courtrai,,103,,,
767,NMBS/SNCB,P,Gand-Saint-Pierre -- La Panne,,103,,,
768,NMBS/SNCB,P,Louvain -- La Panne,,103,,,
769,NMBS/SNCB,IC,Bruges -- Courtrai,,103,,,
77,NMBS/SNCB,BUS,Mons -- Jurbise,,700,,,
770,NMBS/SNCB,P,Zeebrugge-Dorp -- Gand-Saint-Pierre,,103,,,
771,NMBS/SNCB,P,Bruges -- Blankenberge,,103,,,
772,NMBS/SNCB,P,Mol -- Hamont,,103,,,
773,NMBS/SNCB,P,Hamont -- Sint-Joris-Weert,,103,,,
774,NMBS/SNCB,P,Lierre -- Sint-Joris-Weert,,103,,,
775,NMBS/SNCB,P,Lierre -- Louvain,,103,,,
776,NMBS/SNCB,P,Hamont -- Heverlee,,103,,,
777,NMBS/SNCB,P,Herentals -- Sint-Joris-Weert,,103,,,
778,NMBS/SNCB,P,Hamont -- Louvain,,103,,,
779,NMBS/SNCB,P,Essen -- Sint-Joris-Weert,,103,,,
78,NMBS/SNCB,BUS,Bruxelles-Midi -- Enghien,,700,,,
780,NMBS/SNCB,P,Anvers-Central -- Sint-Joris-Weert,,103,,,
781,NMBS/SNCB,S33,Lierre -- Herentals,,100,,,
782,NMBS/SNCB,P,Tongres -- Gand-Saint-Pierre,,103,,,
783,NMBS/SNCB,P,Bruxelles-Midi -- Hasselt,,103,,,
784,NMBS/SNCB,P,Tongres -- Louvain,,103,,,
785,NMBS/SNCB,P,Liège-Guillemins -- Namur,,103,,,
786,NMBS/SNCB,P,Louvain-la-Neuve -- Mouscron,,103,,,
787,NMBS/SNCB,P,Ottignies -- Mouscron,,103,,,
788,NMBS/SNCB,P,Tournai -- Courtrai,,103,,,
789,NMBS/SNCB,L,Malines -- Courtrai,,100,,,
79,NMBS/SNCB,BUS,Bruxelles-Midi -- Grammont,,700,,,
790,NMBS/SNCB,L,Londerzeel -- Courtrai,,100,,,
791,NMBS/SNCB,L,Londerzeel -- Schellebelle,,100,,,
792,NMBS/SNCB,P,Mons -- Quiévrain,,103,,,
793,NMBS/SNCB,P,Tournai -- Ath,,103,,,
794,NMBS/SNCB,P,Bruxelles-Midi -- Namur,,103,,,
795,NMBS/SNCB,P,Louvain-la-Neuve -- Rochefort-Jemelle,,103,,,
796,NMBS/SNCB,P,Herstal -- Arlon,,103,,,
797,NMBS/SNCB,P,Herstal -- Rochefort-Jemelle,,103,,,
798,NMBS/SNCB,P,Marloie -- Libramont,,103,,,
799,NMBS/SNCB,P,Louvain-la-Neuve -- Binche,,103,,,
8,NMBS/SNCB,BUS,Gand-Saint-Pierre -- Deinze,,700,,,
80,NMBS/SNCB,BUS,Ostende -- Gand-Saint-Pierre,,700,,,
800,NMBS/SNCB,P,Ottignies -- Binche,,103,,,
801,NMBS/SNCB,P,Louvain-la-Neuve -- Hal,,103,,,
802,NMBS/SNCB,L,Termonde -- Schellebelle,,100,,,
803,NMBS/SNCB,L,Gand-Saint-Pierre -- Termonde,,100,,,
804,NMBS/SNCB,L,Malines -- Londerzeel,,100,,,
805,NMBS/SNCB,P,Schaerbeek -- Châtelet,,103,,,
806,NMBS/SNCB,L,Charleroi-Central -- Couvin,,100,,,
807,NMBS/SNCB,P,Mons -- Manage,,103,,,
808,NMBS/SNCB,S62,Luttre -- Manage,,100,,,
809,NMBS/SNCB,P,Schaerbeek -- Saint-Ghislain,,103,,,
81,NMBS/SNCB,BUS,Bruxelles-Midi -- Nivelles,,700,,,
810,NMBS/SNCB,P,Sint-Joris-Weert -- Poperinge,,103,,,
811,NMBS/SNCB,P,Louvain -- Poperinge,,103,,,
812,NMBS/SNCB,P,Alost -- Grammont,,103,,,
813,NMBS/SNCB,S6,Alost -- Grammont,,100,,,
814,NMBS/SNCB,P,Gand-Saint-Pierre -- Denderleeuw,,103,,,
815,NMBS/SNCB,P,Gand-Saint-Pierre -- Lichtervelde,,103,,,
816,NMBS/SNCB,IC,Namur -- Charleroi-Central,,103,,,
817,NMBS/SNCB,IC,Namur -- Courtrai,,103,,,
818,NMBS/SNCB,IC,Tamines -- Courtrai,,103,,,
819,NMBS/SNCB,IC,Namur -- Tournai,,103,,,
82,NMBS/SNCB,BUS,Namur -- Tamines,,700,,,
820,NMBS/SNCB,IC,Amsterdam Cs (NL) -- Bruxelles-Midi,,103,,,
821,NMBS/SNCB,L,Rochefort-Jemelle -- Libramont,,100,,,
822,NMBS/SNCB,L,Marloie -- Libramont,,100,,,
823,NMBS/SNCB,L,Liers -- Libramont,,100,,,
83,NMBS/SNCB,BUS,Yvoir -- Gendron-Celles,,700,,,
84,NMBS/SNCB,BUS,Dinant -- Yvoir,,700,,,
85,NMBS/SNCB,BUS,Tongres -- Liers,,700,,,
86,NMBS/SNCB,BUS,Namur -- Marloie,,700,,,
87,NMBS/SNCB,BUS,Ottignies -- Gembloux,,700,,,
88,NMBS/SNCB,BUS,Dinant -- Houyet,,700,,,
89,NMBS/SNCB,BUS,Bertrix -- Virton,,700,,,
9,NMBS/SNCB,BUS,Gand-Saint-Pierre -- Lokeren,,700,,,
90,NMBS/SNCB,BUS,Gembloux -- Jemeppe-sur-Sambre,,700,,,
91,NMBS/SNCB,BUS,Namur -- Dinant,,700,,,
92,NMBS/SNCB,BUS,Arlon -- Athus,,700,,,
93,NMBS/SNCB,BUS,Marloie -- Ciney,,700,,,
94,NMBS/SNCB,BUS,Namur -- Houyet,,700,,,
95,NMBS/SNCB,BUS,Yvoir -- Houyet,,700,,,
96,NMBS/SNCB,BUS,Gembloux -- Namur,,700,,,
97,NMBS/SNCB,BUS,Rochefort-Jemelle -- Ciney,,700,,,
98,NMBS/SNCB,BUS,Ciney -- Arlon,,700,,,
99,NMBS/SNCB,BUS,Liège-Guillemins -- Waremme,,700,,,
